Id,ent_mean,ent_std,ent_min,ent_max,ent_median
0A32eTdBKayjCWhZqDOQ,5.237044433958718,2.623987020651591,-0.0,7.549751603217246,6.698175718627423
0ACDbR5M3ZhBJajygTuf,4.95829954845759,0.18150724045703176,4.7217738666145115,6.540587190248431,4.935114659845787
