Id,haralick_0,haralick_1,haralick_2,haralick_3,haralick_4,haralick_5,haralick_6,haralick_7,haralick_8,haralick_9,haralick_10,haralick_11,haralick_12
0A32eTdBKayjCWhZqDOQ,0.04001589266115785,10257.357139018495,0.30217886962356955,7350.050027126588,0.3072826331284845,210.83521120827413,19142.842969487865,7.368400646269382,11.120117471251234,0.00041584095971590424,6.312594640997486,-0.2238026104620567,0.9522442731461545
0ACDbR5M3ZhBJajygTuf,0.0054056472156719555,14395.508542961808,-0.24553467816302527,5778.867509663889,0.0629086310218479,125.9088961177604,8719.961495693738,7.566881429089598,9.089983498690621,5.688343865017413e-05,7.216517447547071,-0.1900185084096019,0.9228704929707429
