Id,lbp_0,lbp_1,lbp_2,lbp_3,lbp_4,lbp_5,lbp_6,lbp_7,lbp_8,lbp_9
0A32eTdBKayjCWhZqDOQ,0.12101058467731769,0.10913306451603735,0.006943044354832877,0.01735635080643703,0.0058963373655864446,0.01739919354837248,0.02707577284943962,0.07974630376337387,0.4881502016124932,0.1272891465052694
0ACDbR5M3ZhBJajygTuf,0.1612628335075517,0.14784997874690622,0.003327924731882553,0.011822971161379496,0.002866081938265447,0.004956635822647303,0.0077716289563090875,0.14987922606576368,0.24631547541172844,0.2639472436565443
